text,target
"   From: ""Mattel Login"" <noreply@mattel.com>
     To: agustin40397@gmail.com
   Date: 11/3/2024 7:36:08 PM
Subject: Por favor, verifica tu dirección de correo electrónico 
----------------------------------------------------------------
Por favor, verifica tu dirección de correo electrónico
¡Ya casi has terminado! Por favor, verifica tu dirección de correo electrónico
utilizando el siguiente botón:
Verificar correo electrónico ( https://login.mattel.com/u/email-verification?ticket=MilLG9sylXtB5S3HRwME1m2VhYuAW9Qk# ) 
Este enlace es válido durante 24 horas.
¡Gracias!El equipo de Mattel
THE MATTEL FAMILY OF BRANDS
( https://shop.mattel.com/shop ) 
( https://barbie.mattel.com/shop )
( https://hotwheels.mattel.com/shop ) 
( https://fisher-price.mattel.com/shop ) 
( https://fisher-price.mattel.com/shop/en-us/fp/thomas-friends ) 
( https://creations.mattel.com/ ) 
Por favor, no responda a este correo electrónico, haga clic aquí para acceder al servicio de  atención al cliente ( https://service.mattel.com/us/intl.aspx ) 
Declaración de privacidad ( https://www.mattel.com/en-us/privacy-statement ) 
©2021 Mattel.Mattel, Inc.
333 Continental Blvd., El Segundo, CA 90245, USA",0
"   From: ""Udemy Instructor: Fernando Herrera"" <no-reply@e.udemymail.com>
     To: agustin40397@gmail.com
   Date: 9/16/2024 11:41:02 PM
Subject: Nuevo curso: Angular Pro
------------------------------------------------------------------------
<!DOCTYPE HTML PUBLIC ""-//W3C//DTD HTML 4.01//EN"" ""http://www.w3.org/TR/html4/strict.dtd"">
<html>
    <head>
        <meta http-equiv=""Content-type"" content=""text/html; charset=utf-8"">
        <meta name=""x-apple-disable-message-reformatting"">

        <title>Udemy</title>
        
        
        <style>
            #udemy-email img {
                max-width:100%;
                height:auto;
            }

            #udemy-email p {
                color:#1C1D1F;
                margin:0 0 8px 0;
            }

            
            #udemy-email a {
                color:#5624D0;
                text-decoration:underline;
            }

            #udemy-email ul,
            #udemy-email ol {
                margin:0 0 8px 24px;
                padding:0;
            }

            #udemy-email li {
                margin:0 0 4px 0;
                padding:0 0 0 8px;
            }

            #udemy-email hr {
                border:0;
                border-top:1px solid #CCCCCC;
                margin:16px 0 16px 0;
            }

            
        </style>
    </head>
    <body style=""color:#1C1D1F; margin:0; font-family:'SF Pro Text', -apple-system, BlinkMacSystemFont, Roboto, 'Segoe UI', Helvetica, Arial, sans-serif, 'Apple Color Emoji', 'Segoe UI Emoji', 'Segoe UI Symbol'; font-size:16px; font-weight:400; line-height:1.4"">
        <table id=""udemy-email"" width=""100%"" cellpadding=""0"" cellspacing=""0"" style=""background-color:#F7F9FA; padding:24px"">
            <tr>
                <td>&nbsp;</td>
                <td width=""600"">
                    <table width=""100%"" cellpadding=""0"" cellspacing=""0"" style=""background-color:#FFF"">
                        
                            <tr>
                                <td style=""border-bottom:1px solid #CCCCCC; padding:24px"">
                                    
    <p style=""margin:0"">
        <b>
            
                Nuevo anuncio promocional
            
        </b>
    </p>

                                </td>
                            </tr>
                        
                        
                            <tr>
                                <td style=""padding:24px 24px 0 24px"">
                                    
                                    <!-- No greeting -->
                                    
    <table cellpadding=""0"" cellspacing=""0"" width=""100%"">
        <tr>
            <td width=""48"" style=""vertical-align:middle"">
                <img src=""https://img-c.udemycdn.com/user/50x50/11767934_4361_2.jpg"" width=""48"" alt=""""
                     style=""border-radius:50%; display:block; object-fit:cover"">
            </td>
            <td style=""padding:0 0 0 16px; vertical-align:middle"">
                
                                        
                                            <p style=""margin-bottom:0"">
                                                <a href="""" style=""text-decoration:none; color:#1C1D1F"">Hola Agustin: Fernando, instructor de </a><a href=""https://e2.udemymail.com/ls/click?upn=u001.TtzRjPf63yUg9yrAxgqE78WDKTn6A2iSo8JCeA5RUg8VZl2gb41G7PWmiD0-2BQQl-2FKsfN8q61m9Xvdr1dLyWU1djAUWj4wAfqfHFCHJfJTpc8oSOUrdEt1bEfU-2F21WT5OQv-2Bo0c4SURZ-2FXuVfpnIKYDtpIuJVc68MeXZrJe05fLz7p4NqM0zCD0rVmgQp0eAtaYMID4-2BGQCuTrnxWnkFkOg-3D-3DYdr1_TiD-2BzxJC5nL1OmaN2J8YG3qiqW-2FrHJ2danem7hmA9QMnuR9VsGrmFvO5qVdLNZIQLPXjBndmpCCHZSS96ODjriP0WRgemHc4J7gB0KAvnVKeKdwxH2KpEtTGbu4eitNwQDvoejtMPi9-2FL2Fk-2B0IRtDHtwU48fPKKrTQGd7qSSVPgmb2Vav6S63Qa0YpiEn1uYO2y1P3sZMDlXSdMnInyCM92Ra3npk453m4B5wZD2YBt0MCdvzJHf13oo4B-2F-2BZRJwg8WVhtPjJqYeZzTOVKgX9sBEHo-2FaiRjERA8HnjFdcMUksjQrOIs65Gu-2Fglbj0HMLq2Mnk9aO0vNokDT-2B8Gy94j8rGPw6puMY2RTsVFiNFCNricbE7L405pV1VG-2FRzk6dmLU2d5PY5cFrow2hlqg1CAeAqlkJNO5EtHBlI3C2Ne5LI51v15iRTd8GEtNS-2FGpvbTrNZiPuWRQFp-2BiSbsjEMoyougvdDha2qqYpt6YKKounoFNL5dS70SVAs-2BnxIRl5Z5bV1uIJyLR7Xv8vvgdBw-3D-3D"">Principios SOLID y Clean Code</a><a href="""" style=""text-decoration:none; color:#1C1D1F""> y </a><a href=""https://e2.udemymail.com/ls/click?upn=u001.TtzRjPf63yUg9yrAxgqE78WDKTn6A2iSo8JCeA5RUg-2FMIvYoekGyT0oseGVumS4aJu-2F27602qUYI4Nc9-2BGSA0p1mh5nysD6IMzsRK0Nw8TFVNFYMYhgugeUc0kmk4vhAi6mXljeI10B5huAii6g2OZr6bWYPxhKNbiweXIV-2B3GUfnrX-2BA9TSaS7ze2mJkN9G8Um3tMGdhs4yJnzeCnRncZAD4AoVzKkDuUxXUKs5yP0-3DZ8_H_TiD-2BzxJC5nL1OmaN2J8YG3qiqW-2FrHJ2danem7hmA9QMnuR9VsGrmFvO5qVdLNZIQLPXjBndmpCCHZSS96ODjriP0WRgemHc4J7gB0KAvnVKeKdwxH2KpEtTGbu4eitNwQDvoejtMPi9-2FL2Fk-2B0IRtDHtwU48fPKKrTQGd7qSSVPgmb2Vav6S63Qa0YpiEn1uYO2y1P3sZMDlXSdMnInyCM92Ra3npk453m4B5wZD2YBt0MCdvzJHf13oo4B-2F-2BZRJwg8WVhtPjJqYeZzTOVKgX9sBEHo-2FaiRjERA8HnjFdcMUksjQrOIs65Gu-2Fglbj0HMLq2Mnk9aO0vNokDT-2B8Gy9z3GnR8jZHGSv1qRouuyhvzQe5eg-2FulA-2BPWTPGbu0mBgMq-2FbK0EkATNwdwA-2FyKSoZU4GdkAJZkDPciPGgo3GlNfblb-2BgrHs-2BSET4xq8fODovslu9Vye0HDXjwdD0e1VDSRG7eFGlt3M9G-2BBD1FVLb8fU8y6wIsS9nFaAXM3Z5jSOB6Ep3SzJ-2Bk-2FEwi23cLAETg-3D-3D"">NodeJS: De cero a experto</a><a href="""" style=""text-decoration:none; color:#1C1D1F"">, ha publicado un anuncio.</a>
                                            </p>
                                        
                                    
            </td>
        </tr>
    </table>

                                </td>
                            </tr>
                        

                        
    <tr><td style=""padding:24px 0 0 0""></td></tr>
    <tr>
        <td style=""border-top:1px solid #CCCCCC; padding:24px 24px 0 24px"">
             <p>Saludos a todos, </p><p>Me complace anunciarles que ya está el nuevo curso de <a href=""https://e2.udemymail.com/ls/click?upn=u001.TtzRjPf63yUg9yrAxgqE78WDKTn6A2iSo8JCeA5RUg9sCIHRG13mNSp-2FtLjrXu9H93QpOWc1WAezyxsGwBSVuNFckNVl12EBSPvYnJ40-2BcqAz8211wggcDD8vIdFb5JXD2po4jxihk5TWlXN9RerPkfje0fpYoAPISjhTRnHxqYUyelQerqZW-2FOIGFljE6qnaFo-2FRkUDqIGVTLbknQmT95lmBbNSZiYtCbUcWk80bAC-2FjxdKZ-2FHFi8Pky-2B42bOEkD3U7_TiD-2BzxJC5nL1OmaN2J8YG3qiqW-2FrHJ2danem7hmA9QMnuR9VsGrmFvO5qVdLNZIQLPXjBndmpCCHZSS96ODjriP0WRgemHc4J7gB0KAvnVKeKdwxH2KpEtTGbu4eitNwQDvoejtMPi9-2FL2Fk-2B0IRtDHtwU48fPKKrTQGd7qSSVPgmb2Vav6S63Qa0YpiEn1uYO2y1P3sZMDlXSdMnInyCM92Ra3npk453m4B5wZD2YBt0MCdvzJHf13oo4B-2F-2BZRJwg8WVhtPjJqYeZzTOVKgX9sBEHo-2FaiRjERA8HnjFdcMUksjQrOIs65Gu-2Fglbj0HMLq2Mnk9aO0vNokDT-2B8Gy9yE9AxIvXtUqJ1YEAJjPhQwV7at-2BIYjCGxEjscAQsSwMuf0uToM4ZKBHtszURJwhHCPBz-2BCCUNrGJofmxa0T9M8f-2F1s0YqWM37SYRUl2xau1Sct7c6LJm7f8BlvtWGt7gwhkK8u6AsBnx-2BUHuiKCRmpBrmITpJ8FcJ9rcvyL3vu6tiYriFtzc6ly91HeVU-2BJ9Q-3D-3D"" rel=""noopener noreferrer"" target=""_blank"">Angular Pro: Lleva tus bases al siguiente nivel </a>disponible en Udemy!</p><p><br></p><figure><a href=""https://e2.udemymail.com/ls/click?upn=u001.TtzRjPf63yUg9yrAxgqE78WDKTn6A2iSo8JCeA5RUg9sCIHRG13mNSp-2FtLjrXu9H93QpOWc1WAezyxsGwBSVuNFckNVl12EBSPvYnJ40-2BcqAz8211wggcDD8vIdFb5JXD2po4jxihk5TWlXN9RerPkfje0fpYoAPISjhTRnHxqYUyelQerqZW-2FOIGFljE6qnaFo-2FRkUDqIGVTLbknQmT95lmBbNSZiYtCbUcWk80bAC-2FjxdKZ-2FHFi8Pky-2B42bOEkMbQH_TiD-2BzxJC5nL1OmaN2J8YG3qiqW-2FrHJ2danem7hmA9QMnuR9VsGrmFvO5qVdLNZIQLPXjBndmpCCHZSS96ODjriP0WRgemHc4J7gB0KAvnVKeKdwxH2KpEtTGbu4eitNwQDvoejtMPi9-2FL2Fk-2B0IRtDHtwU48fPKKrTQGd7qSSVPgmb2Vav6S63Qa0YpiEn1uYO2y1P3sZMDlXSdMnInyCM92Ra3npk453m4B5wZD2YBt0MCdvzJHf13oo4B-2F-2BZRJwg8WVhtPjJqYeZzTOVKgX9sBEHo-2FaiRjERA8HnjFdcMUksjQrOIs65Gu-2Fglbj0HMLq2Mnk9aO0vNokDT-2B8Gy96uj-2FSYwmo-2B0UVb-2BXg9717bF4rOyOoBz83WoD41RZ48WOwcMlYBe5I4K68yN9C17j6xbNWAarjLlkKz6caGUrWDNC3lYfh8IazzJ-2Fd0zIoMZFFVNSVd8Ne2Ng15dFNMxT6kSk7jipnOms-2FKSIFaGLfBtUOI-2Fr2WTBB6GceBIEL68L85dB39fYHISImchet3jRA-3D-3D"" rel=""noopener noreferrer"" target=""_blank""><img src=""https://udemy-images.s3.amazonaws.com:443/redactor/raw/announcement/2024-09-16_23-15-12-bffadd9367bc59ec320dae51fac86d59.jpeg""></a>Angular Pro: Lleva tus bases al siguiente nivel</figure><p><br></p><p>Recuerden que la idea del curso es principalmente pasar por <strong>Zoneless, Signals, Bindings, SSR, SSG, SEO, Testing, i18n, TanStack, Monorepos, NPM, Paquetes personalizados</strong>, (entre otros temas)</p><p><br></p><p>Pero no es un curso para aprender Angular, pero si ya conoces el framework, este curso te ayudará mucho a mejorar y aprender mucho sobre optimizaciones para tus aplicaciones y generación del lado del servidor.</p><p><br></p><p>Espero que el curso te guste mucho y recuerda que puedes tomarlo </p><p>Cupón:&nbsp;<a href=""https://e2.udemymail.com/ls/click?upn=u001.TtzRjPf63yUg9yrAxgqE78WDKTn6A2iSo8JCeA5RUg9sCIHRG13mNSp-2FtLjrXu9H93QpOWc1WAezyxsGwBSVuNFckNVl12EBSPvYnJ40-2BcqAz8211wggcDD8vIdFb5JXD2po4jxihk5TWlXN9RerPkfje0fpYoAPISjhTRnHxqYUyelQerqZW-2FOIGFljE6qnaFo-2FRkUDqIGVTLbknQmT95lmBbNSZiYtCbUcWk80bAC-2FjxdKZ-2FHFi8Pky-2B42bOEkTqu9_TiD-2BzxJC5nL1OmaN2J8YG3qiqW-2FrHJ2danem7hmA9QMnuR9VsGrmFvO5qVdLNZIQLPXjBndmpCCHZSS96ODjriP0WRgemHc4J7gB0KAvnVKeKdwxH2KpEtTGbu4eitNwQDvoejtMPi9-2FL2Fk-2B0IRtDHtwU48fPKKrTQGd7qSSVPgmb2Vav6S63Qa0YpiEn1uYO2y1P3sZMDlXSdMnInyCM92Ra3npk453m4B5wZD2YBt0MCdvzJHf13oo4B-2F-2BZRJwg8WVhtPjJqYeZzTOVKgX9sBEHo-2FaiRjERA8HnjFdcMUksjQrOIs65Gu-2Fglbj0HMLq2Mnk9aO0vNokDT-2B8Gy9xyez27NLap-2FqFfNjLonVAqQfn-2F35THR0Ms9hjjG2mEyyMnY0m7lRMmyvvwtVsIc7fuzpQAwsUDYs1rwOCjQct09GpAJaucy1DnYgwTCpAhTABOar7ZSeSRhTgJQH9hh0nzcFmVd01vpuv-2Ft1oUHsjSS5ocfUOkEEMD4z03FgOoij-2BHAeZ0C3l5s7kAH-2BAqG1A-3D-3D"" rel=""noopener noreferrer"" target=""_blank"">ANGULAR24</a></p><p><br></p><p>Espero lo disfruten mucho!</p><p><br></p><p>Atte:</p><p>Equipo de DevTalles +&nbsp;Fernando&nbsp;Herrera</p><p><br></p><p><br></p><p><br></p><p><br></p>
        </td>
    </tr>


                        
                            
                        

                        

                        <tr>
                            <td style=""padding:48px 24px 0 24px"">
                                
                                
                                <p style=""font-family:'SF Pro Text', -apple-system, BlinkMacSystemFont, Roboto, 'Segoe UI', Helvetica, Arial, sans-serif, 'Apple Color Emoji', 'Segoe UI Emoji', 'Segoe UI Symbol'; font-size:12px; font-weight:400; line-height:1.4; color:#6A6F73; margin:0"">
                                    
                                        Udemy 600 Harrison Street, 3rd Floor, San Francisco, CA 94107.
                                    
                                    
                                        
                                            
                                                Puedes <a href=""https://e2.udemymail.com/ls/click?upn=u001.TtzRjPf63yUg9yrAxgqE784Sl2-2FsgijM6MQ99-2FOiyPKzV7zA3eJ4VlLOXyJuQd8qj7cUIe-2FatAZzVy0zAooy6Aga7CcQeeDkmxU9BOJxmxxW1pqqJyq7P8dvRz6Oa47Fi3THw7afoH0KQGyz-2BCdcXRkXju9sxQaLb691DLTZ6hET-2BACvTj77ekhAmcONzgw-2FpvIwu5mHtI2mv2WDswfzIi5o1eeBZMQht2ONgaYSXWpTGduuCLvpj0D0fAPNFDRvg2FgVHDNaI3pSnCsdSHCgo8-2F1ieBqSGrE4Z-2BUlHCst8JYzrY-2B8z5epru5FfwnLL0QDcxTkxMjW1zn0WO4tRVD9FuGYqbomAQv5NzkUhg-2BHpdtIVXjqF2xlN-2Fm17T4EpK1zjOXziFJJ1hRt8lLxgOVFy60gI5FBhK-2BGHZoIuDsEz1fH20gXKp14E05Hz5k841cw0Qddft5peBjZp59UqlGTcLqMgZQ3Yg2VJnWasZqVRPtYPnewd7oUlnii9g0pKpmims9pxNQHkKzD2hlZ3NmQ-3D-3DhqGM_TiD-2BzxJC5nL1OmaN2J8YG3qiqW-2FrHJ2danem7hmA9QMnuR9VsGrmFvO5qVdLNZIQLPXjBndmpCCHZSS96ODjriP0WRgemHc4J7gB0KAvnVKeKdwxH2KpEtTGbu4eitNwQDvoejtMPi9-2FL2Fk-2B0IRtDHtwU48fPKKrTQGd7qSSVPgmb2Vav6S63Qa0YpiEn1uYO2y1P3sZMDlXSdMnInyCM92Ra3npk453m4B5wZD2YBt0MCdvzJHf13oo4B-2F-2BZRJwg8WVhtPjJqYeZzTOVKgX9sBEHo-2FaiRjERA8HnjFdcMUksjQrOIs65Gu-2Fglbj0HMLq2Mnk9aO0vNokDT-2B8Gy950JlbQrq-2Bri5uu-2BLWF0CC5AkkoaJywDklS7OHi6-2F-2B4KJitHLK8KeYo5TCQPaFYYjGjo-2Bb53mBV5DUAICudnl4-2Brxu54YNfODbQEeipSkJmIrLjX9lKZ6LaGYZXX0T-2BymH6uqgqKs-2F90AxKsCnBO8E0sQt4TiaUWhrY7LlVvYZU5AKY1SR1MRS01HNpK18Dpnw-3D-3D"" style=""color:#6A6F73"">cancelar la suscripción</a> si prefieres no recibir mensajes como este.
                                            
                                        
                                    
                                    
                                        
                                            
                                                Si hay algo que no te parezca correcto, <a href=""https://e2.udemymail.com/ls/click?upn=u001.TtzRjPf63yUg9yrAxgqE74S-2Bxm9OxZeGgCfDPwXiMSI3OfRhkf5IGYRg-2Bk-2BTALQGtAUFaTJcVIOzuPKUvQwc8tsIC3kgDjyfrz9a1fqu3upjlIVIQ5XaN37JXyqmlZyBkxrM5oAY2lVXrgGmmQChMu4gLqaDBY8IEvDqUEHEw61-2FYGlcyrEyPXVxqhng42syP-2FElVqrJPhU8L0zDwO4Te8rbhRWGZVOGSFJUDW-2BFQvWFLS4VOHLRZQoEhunuyTKviWUhTnKSkPYDzct0f-2BqA3h7uRPmh-2FK1y0BZQfyYn2c4-3Dlul6_TiD-2BzxJC5nL1OmaN2J8YG3qiqW-2FrHJ2danem7hmA9QMnuR9VsGrmFvO5qVdLNZIQLPXjBndmpCCHZSS96ODjriP0WRgemHc4J7gB0KAvnVKeKdwxH2KpEtTGbu4eitNwQDvoejtMPi9-2FL2Fk-2B0IRtDHtwU48fPKKrTQGd7qSSVPgmb2Vav6S63Qa0YpiEn1uYO2y1P3sZMDlXSdMnInyCM92Ra3npk453m4B5wZD2YBt0MCdvzJHf13oo4B-2F-2BZRJwg8WVhtPjJqYeZzTOVKgX9sBEHo-2FaiRjERA8HnjFdcMUksjQrOIs65Gu-2Fglbj0HMLq2Mnk9aO0vNokDT-2B8Gy9w4L9AC8Lt2Co5Mmo25MFqkg8FXxJp4q6JJGFPZcDgjxZVuRoe28s3XsFa1qHx4k483hLz3fwEZ13g5Nqogc3iu9zmRbbRIOVRsWHzsjJ2R-2FTGhPYsR2Ar-2BX4Mfl5ZmZNsAAF-2FwPCazAlrB-2FNh9ZaDSX4eqjeK4s2XgNuqdPFSXK1wvwGpzYg-2By5zs-2FkOfRrkw-3D-3D"" style=""color:#6A6F73"">denuncia el uso indebido</a>.
                                            
                                        
                                    
                                </p>
                            </td>
                        </tr>
                        
                        <tr>
                            <td style=""padding:24px 0 0 0""></td>
                        </tr>
                    </table>
                </td>
                <td>&nbsp;</td>
            </tr>
        </table>
    <img src=""https://e2.udemymail.com/wf/open?upn=u001.2HRuxJPoM3nOw1X3mxy22xhFXHc81XiVCz8lOF8PjVrv5wYreIp5fa5vHp-2FEdphcOm-2FVCh3Ymod0Je6T6nEKAQH8OYx0btoIS9GyuXWcdqbzMhQ94O6-2FZQH32RS8hC8ljeUhmho8qVKTYNEnWRmYXyg0rWP4d4tR6oogv-2FY7o4Z9Kdzij6qTL0ecBJssbCjvCExTHIXkZb-2BKazWeX86jiIu5n8-2F5YFn8ZOVEvcT2-2BWsrQzzVS6UWh-2BziKZFRT50iV3B31OpWx6Psg3IhgzTB-2FT8FllVcElrQx7aD8kiafnDLCnjs2gfGNY2K9sMVQuW0PPHVASmmoPEV-2BAtQlVxojmEVqumF5ah951PCWKJUhA7hhAMc-2FpqFQEVtDLIlGye7srGriw72vDPfKHo9nvjm7cj5EVBYOq5zKds5Vs52MmN6REKONaJx-2BnmBuue8It6zohho-2FXeY0WO5ekyxwh-2BkDAmPlPeVZk1awIE4xGNYaFH-2FbJL4QAngnfOXIaEKdgYVDgpxdG6lAxjuTYsJ-2BpuTEg-3D-3D"" alt="""" width=""1"" height=""1"" border=""0"" style=""height:1px !important;width:1px !important;border-width:0 !important;margin-top:0 !important;margin-bottom:0 !important;margin-right:0 !important;margin-left:0 !important;padding-top:0 !important;padding-bottom:0 !important;padding-right:0 !important;padding-left:0 !important;""/></body>
</html>
",0
"   From: ""Colegio Nacional de Recursos Humanos"" <informes@conarh03.com.mx>
     To: pd2213.110232@culiacan.tecnm.mx
   Date: 9/16/2024 5:07:35 PM
Subject: Liderazgo y felicidad en el trabajo
--------------------------------------------------------------------------
Hello,

You have received a newsletter from Colegio Nacional de Recursos Humanos.

However, your email software can't display HTML emails. You can view the newsletter by clicking here:

https://oarvey.clicks.mlsend.com/tb/cl/eyJ2Ijoie1wiYVwiOjUwNDQ4MCxcImxcIjoxMzI2NTExOTUyNTQ3MDQxMTgsXCJyXCI6MTMyNjUxMzA1NjExMDM2NDYzfSIsInMiOiIyNWYyNjY0ZjgwNmNlNzliIn0



You're receiving this newsletter because you have shown interest in Colegio Nacional de Recursos Humanos.
Not interested anymore? Click here to unsubscribe:
https://oarvey.clicks.mlsend.com/tb/cl/eyJ2Ijoie1wiYVwiOjUwNDQ4MCxcImxcIjoxMzI2NTExOTUyNTE1NTgzODYsXCJyXCI6MTMyNjUxMzA1NjExMDM2NDYzfSIsInMiOiJiMjMwMmZlZTg4M2E0NjE3In0
",0
"   From: hola@mx.tala.co
     To: agustin40397@gmail.com
   Date: 10/23/2024 1:41:15 AM
Subject: Agustin, revisa tu contrato de préstamo
Attachments: CreditoRECAv20240129.pdf (44)
         84442495434621053.pdf (47,081)
------------------------------------------------
Tu contrato de préstamo está aquí
En Tala, estamos comprometidos con la transparencia. A continuación encontrarás tu contrato de préstamo, con toda la información que necesitas saber.
Si tienes alguna pregunta, escríbenos a hola@talamobile.mx y con gusto te atenderemos.

APP       BLOG       SITIO WEB

Este correo electrónico fue enviado por Tala.

Contáctanos   |    Política de privacidad",1
"   From: ""Alternativas financieras"" <apoyoalcliente.r@notificacionesrcm.com>
     To: ""MARCELA/P**** G*****"" <agustin40397@gmail.com>
   Date: 10/24/2024 8:31:39 PM
Subject: No evada su responsabilidad
----------------------------------------------------------------------------
CLICK BELOW to read this message in your browser:
https://estadisticas.neored.com/t/46842607/1742949045/103085921/0/1007559/?b44ed14b=ZTZjNjc3NDQtZTk0Yi00NGI1LTg4ODMtNjgyNzBmYjAxMmNk&9bc9e11f=MTAwNzU1OQ&bcd98c89=MjQ4NTI3OTA5Njc&x=64afd73d
If clicking doesn't work, copy the line above and paste it into your browser window.

To remove your name from this list, send a blank email to
leave-1007559-46842607-1742949045.CYC2GCWPDE@nf130.n-email.net
or click the link below
http://www.ne16.com/u?id=1742949045.CYC2GCWPDE&o=46842607&c=F&l=multicampana_14

This email was sent to: agustin40397@gmail.com
This email was sent by: Recremex
Insurgentes Sur 619, Piso 1, Despacho 102, Col. Ná, Col. Nápoles, México, D.F. C.P. 03810 , Teléfono: (55) 41624100 
",1
"   From: Telcel <info@telcel.com.mx>
     To: agustin40397@gmail.com
   Date: 10/23/2024 11:00:50 PM
Subject: Estas son las 5 tendencias del momento,  ¿ya las conoces? ????
-----------------------------------------------------------------------
Web Version:  https://click.telcel.com.mx/?qs=66676b22d0b9e916770ecd96e6a06e80672bce7482205c08408df6e0c1001f477488d366343f9c6b31f7852eaa035e22463738bd48d87102
----------------------------------------



 
https://click.telcel.com.mx/?qs=66676b22d0b9e916c25ac588738f98176ca1a86c7b0ced045bd3161a87c827adc7859e4154f8628d1feb5ec34407ed3e96eaf04d5e604309
 

 Cómo convertirte en experto en WhatsApp usando Meta AI

  
 Conoce algunos trucos de Meta AI que pueden ayudarte a dominar las imágenes, mensajes y funciones de WhatsApp como un experto.
Sigue leyendo
https://click.telcel.com.mx/?qs=66676b22d0b9e916c25ac588738f98176ca1a86c7b0ced045bd3161a87c827adc7859e4154f8628d1feb5ec34407ed3e96eaf04d5e604309
 
 

https://click.telcel.com.mx/?qs=66676b22d0b9e9162653cd2a2f284af85e1422ed0848af6d2c473a2373f7a00e2f16a03c735015c8f689fd432d49a576a52d0d110d68fbf8
 
Instagram comparte secretos para hacer tus 'reels' virales.
 
Conoce cuáles son los mejores consejos, según Instagram, para hacer tus 'reels' virales.
Conoce más
https://click.telcel.com.mx/?qs=66676b22d0b9e9162653cd2a2f284af85e1422ed0848af6d2c473a2373f7a00e2f16a03c735015c8f689fd432d49a576a52d0d110d68fbf8
 
 

https://click.telcel.com.mx/?qs=66676b22d0b9e916b8d044bb9285c3a189851d5f475deba0f6602d09a07fe6563f576600d1c3cf19ae9ff606a1c51d35b092774a322b5c14
 

 ¿Es buena idea tener una carrera como 'gamer' profesional?
 
¿Te gustaría tener una carrera como 'gamer' profesional? Conoce algunos de los pros y los contras de esta apasionante profesión.
¡Da clic!
https://click.telcel.com.mx/?qs=66676b22d0b9e916b8d044bb9285c3a189851d5f475deba0f6602d09a07fe6563f576600d1c3cf19ae9ff606a1c51d35b092774a322b5c14
 

https://click.telcel.com.mx/?qs=66676b22d0b9e916cecb8a5bd78ff9228f54c0d4bdc9467a67aa06ea6db0a54ea61f6a32a916cb25a3d31fee3470857631d6f3580c4aafec
 

 Así podrás conseguir tu álbum coleccionable de Checo Pérez.

  
 Celebra la carrera de Checo Pérez completando un álbum digital con las Checo Cards que se encuentran disponibles en todo México.
¡Conócelas!
https://click.telcel.com.mx/?qs=66676b22d0b9e916cecb8a5bd78ff9228f54c0d4bdc9467a67aa06ea6db0a54ea61f6a32a916cb25a3d31fee3470857631d6f3580c4aafec
 
 

https://click.telcel.com.mx/?qs=77d7e23b6aba2641f7bd2cf5594d528fb5159f57533bef81c10d7c8d673b268255d1ed124ddfd66b49ea91ecab02fee2010b5606bf11c6ab
 
¿Quieres hacer transmisiones en vivo privadas en Instagram?
 
Ahora puedes hacer transmisiones en vivo solo para tus 'Mejores amigos' y crear momentos más íntimos y personalizados en Instagram.
¡Descubre cómo!
https://click.telcel.com.mx/?qs=77d7e23b6aba2641f7bd2cf5594d528fb5159f57533bef81c10d7c8d673b268255d1ed124ddfd66b49ea91ecab02fee2010b5606bf11c6ab
 
 

https://click.telcel.com.mx/?qs=66676b22d0b9e91630292f17c3be1156e9728f657e1bd031be9fae485e039cb0fb28a5a6e225f4d195c1e3d9d7e45c74d5045b7304be953a
Facebook
https://click.telcel.com.mx/?qs=66676b22d0b9e91630292f17c3be1156e9728f657e1bd031be9fae485e039cb0fb28a5a6e225f4d195c1e3d9d7e45c74d5045b7304be953a
 
https://click.telcel.com.mx/?qs=66676b22d0b9e9162452006cddb3ad022c2013b82b1a148d3b0bbc4fef30ab71a512f81f176e7bc3019c819e55c62cf8706d2ab3f107d465
Twitter
https://click.telcel.com.mx/?qs=66676b22d0b9e9162452006cddb3ad022c2013b82b1a148d3b0bbc4fef30ab71a512f81f176e7bc3019c819e55c62cf8706d2ab3f107d465
 
https://click.telcel.com.mx/?qs=66676b22d0b9e916ee296bb3d0a56594d13d5a431543183a1f8091e2e4d83b57a1f8acbe84aa4d2b7c8986d02600619810371fb64a1fd6d1
Instagram
https://click.telcel.com.mx/?qs=66676b22d0b9e916ee296bb3d0a56594d13d5a431543183a1f8091e2e4d83b57a1f8acbe84aa4d2b7c8986d02600619810371fb64a1fd6d1
 

 Mantente informado de las novedades y ofertas que tenemos para ti.




 Telcel nunca te pedirá que reveles, verifiques ni compartas tu contraseña o claves de acceso por teléfono, SMS, correo electrónico ni Redes Sociales. Si recibes por cualquier medio un enlace para actualizar la información de tu cuenta o perfil sin haberlo solicitado, NO hagas clic en el enlace y haz caso omiso.
 
  Update Profile
https://click.telcel.com.mx/profile_center.aspx?qs=4a36c7ea1d64da097f720f1c6033597ea792330ad8941635a49ae938be1bd5a3c115d8f2b263df275f2f00de87719b0691784380299ba667e796ff3b4cde0fe5
 
<table width=""100%"" cellspacing=""0"" cellpadding=""0"" border=""0"" style=""background:#fff;"">
    <!-- IMAGEN DE SALESFORCE MARKETING CLOUD -->
    <tr>
        <td bgcolor=""#FFFFFF"">
        <table cellpadding=""0"" cellspacing=""0"" border=""0"" width=""100%"" align=""center"">
            <tr>
                <td align=""center"">
                <table class=""container"" cellpadding=""0"" cellspacing=""0"" border=""0"" width=""550"">
                    <tr>
                        <td align=""center""><img border=""0"" style=""display:block"" src=""http://www.exacttarget.com/images/Powered_By_1206.jpg"" alt=""Salesforce MC"" name=""Salesforce MC"" width=""124"" height=""56""></td>
                    </tr>
                </table>
                </td>
            </tr>
        </table>
        </td>
    </tr>    
    <!-- CONTENIDO DEL PIE DE PÁGINA -->
    <tr>
        <td align=""center"" valign=""top"" style=""background:#fff;"" width=""100%"">
        <table class=""container"" cellpadding=""0"" cellspacing=""0"" width=""600"">
            <tr>
                <td align=""center"" style=""font-family: Verdana, Helvetica, Arial, sans-serif; font-size: 11px; color: #959595; padding:0px 0px 25px 0px;"">
                Este correo electrónico fue enviado por: 
                <span>Radiomóvil DIPSA, S.A. de C.V.<br>
                Lago Zúrich No. 245 Edif TelcelAmpl. Granada, Miguel Hidalgo, Ciudad de Mexico, DF, 11529 MX</span>
                <br>
                <br>
                <a href=""https://www.telcel.com/aviso-de-privacidad"" alias=""Aviso de privacidad"" target=""_blank"" style=""font-size:12px; color: #959595; text-decoration: none; font-weight:bold;"">Aviso de privacidad</a>
                <br>
                <br>
                <a href=""https://www.telcel.com/terminos-y-condiciones"" alias=""Términos y Condiciones"" target=""_blank"" style=""font-size:12px; color: #959595; text-decoration: none; font-weight:bold;"">Términos y Condiciones</a>
                &nbsp;&nbsp;&nbsp;&nbsp;&nbsp;
                <a href=""https://click.telcel.com.mx/unsub_center.aspx?qs=4a36c7ea1d64da099e510b1a088e8dbfd784aa3f776c38217a1658eb219d63c544712396f1506fe14d20776e9595ea43d8064d7889f64b719751836d8f2d71d6"" alias=""Cancelar suscripción"" target=""_blank"" style=""font-size:12px; color: #959595; text-decoration: none; font-weight:bold;"">Cancelar suscripción</a>
                </td>
            </tr>
        </table>
        </td>
    </tr> 
</table>
",1
